keypoint_index,keypoint_name,uuid,color
1,nose,6489e01f-8567-4a0c-ab2c-355bd1201e38,"(None, None, None)"
2,left-eye,acd12cc5-5162-4ae4-a75d-91f009fc9070,"(None, None, None)"
3,right-eye,852e47f2-29dd-45f7-8693-d07e09583a55,"(None, None, None)"
4,left-ear,a87b3409-369e-455a-9696-b7145768afa1,"(None, None, None)"
5,right-ear,b8358b24-5dd1-4d4f-9052-de7fc08c256c,"(None, None, None)"
6,left-shoulder,f02e6cfa-cd75-4459-a3d9-2ab0d2234980,"(None, None, None)"
7,right-shoulder,81cecc7e-fb55-4b21-804d-a126345a2a15,"(None, None, None)"
8,left-elbow,fe501271-b499-4613-a83c-3c259804a62f,"(None, None, None)"
9,right-elbow,5b69a64a-9106-4176-8de6-42204827c915,"(None, None, None)"
10,left-hip,d0741b82-7f35-486d-ab43-e5981fc03c6d,"(None, None, None)"
11,right-hip,0cd2d352-96d8-4f3d-be0f-54efd03a1bc7,"(None, None, None)"
12,left-knee,13f4a0e0-e02d-44e7-9f2a-32d27f4ae4b7,"(None, None, None)"
13,right-knee,14e8d378-45f4-4845-81a1-29747c942d54,"(None, None, None)"
14,left-ankle,5f65f653-6b02-4165-97e9-a771dd590615,"(None, None, None)"
15,right-ankle,119f3752-796f-4531-bf0f-09e079ec8937,"(None, None, None)"
16,left-big-toe-tip,01210c17-4eb9-48c9-af4b-130fc07df373,"(None, None, None)"
17,left-small-toe-tip,1da305d4-68c1-4635-86b7-15a3e8d76e21,"(None, None, None)"
18,left-heel,43cf91ca-5784-43b3-9da9-37187ac9c017,"(None, None, None)"
19,right-big-toe-tip,01d19dbc-2c05-4467-9993-adde0f792dc8,"(None, None, None)"
20,right-small-toe-tip,3e554162-9653-4be8-b91b-8c7494999c43,"(None, None, None)"
21,right-heel,30a6b201-1324-4aa3-b1bc-a1fca9d2c1eb,"(None, None, None)"
22,right-thumb-tip,a33d7d01-f312-4572-8a2b-607d90000343,"(None, None, None)"
23,right-thumb-first-joint,9fc25779-3554-442f-80d9-7b5c22f8e619,"(None, None, None)"
24,right-thumb-second-joint,71930411-672c-4c13-9b7a-03c973767c2f,"(None, None, None)"
25,right-thumb-third-joint,a079d626-3e98-415c-bd1f-47b121cf2809,"(None, None, None)"
26,right-index-tip,18698bb2-d2ec-4ef1-afb2-137c813662d6,"(None, None, None)"
27,right-index-first-joint,478a8de7-468d-4122-9e11-a3dce30260e4,"(None, None, None)"
28,right-index-second-joint,3914bb56-cec0-4ee5-81b1-aa77fd9e306f,"(None, None, None)"
29,right-index-third-joint,b10ea7b5-62b9-48bd-823c-d4356a30f77a,"(None, None, None)"
30,right-middle-tip,800d38e1-8e98-4683-b825-d32096dbb9ab,"(None, None, None)"
31,right-middle-first-joint,cbf99144-3e96-4a21-9cfe-609039cdad23,"(None, None, None)"
32,right-middle-second-joint,3a128e57-4f86-4c3b-9584-ddd66e06e699,"(None, None, None)"
33,right-middle-third-joint,3650e691-eca2-4ad6-8753-a8b4e3540e59,"(None, None, None)"
34,right-ring-tip,7c00f229-1719-4120-b431-97d313f47f4c,"(None, None, None)"
35,right-ring-first-joint,568e7f56-fdb3-4edf-8564-4f0a3c13910d,"(None, None, None)"
36,right-ring-second-joint,87dcc0ae-196f-444e-b5cf-397bd2d8cd48,"(None, None, None)"
37,right-ring-third-joint,26d752b6-e9be-4ea9-b38d-75ad1f8b4962,"(None, None, None)"
38,right-pinky-tip,2c65737e-86f2-4452-a577-e1dd3b73952e,"(None, None, None)"
39,right-pinky-first-joint,087e2e38c-91e8-41c6-ab6f-53400ca3326e,"(None, None, None)"
40,right-pinky-second-joint,8fe46c04-73ee-4335-a92d-7693d658a98b,"(None, None, None)"
41,right-pinky-third-joint,0aa3b822-7cf8-4838-b48f-a6d212335a93,"(None, None, None)"
42,right-wrist,a403697b-fc96-422e-bfa5-036deb94f7f0,"(None, None, None)"
43,left-thumb-tip,33ee9bf3-11be-46a3-bdf4-4d3096e68128,"(None, None, None)"
44,left-thumb-first-joint,d2216d31-cbf4-4d13-96cf-e11eb97f3ac3,"(None, None, None)"
45,left-thumb-second-joint,44a2e1f8-d9ca-4c7d-b397-48a198ee65a1,"(None, None, None)"
46,left-thumb-third-joint,056c56c4-2e37-4fa8-9396-68966b31e2e4,"(None, None, None)"
47,left-index-tip,37b8d1f8-507d-4d0d-9f02-60cb38dff957,"(None, None, None)"
48,left-index-first-joint,f1f129e3-89ef-4536-a4ff-fda10c2bc2f8,"(None, None, None)"
49,left-index-second-joint,c5a5ea95-18df-42a2-9970-6a7632129862,"(None, None, None)"
50,left-index-third-joint,58d33efd-3d0a-439f-9102-6b45c63f8c0f,"(None, None, None)"
51,left-middle-tip,5ec39388-9b4d-41a0-899c-fc0dfe4aaba3,"(None, None, None)"
52,left-middle-first-joint,6ed33903-a09b-40e0-9066-940b4ea06d12,"(None, None, None)"
53,left-middle-second-joint,ee64f476-ae48-4db0-84ff-3f5a90c399fc,"(None, None, None)"
54,left-middle-third-joint,f77c821f-5e1c-4e04-8caf-41d6541b5403,"(None, None, None)"
55,left-ring-tip,91c43f0e-421f-4c59-8ece-7539933ab80c,"(None, None, None)"
56,left-ring-first-joint,a9850ec7-4c8c-4cea-82b2-fa5b07fcaf1a,"(None, None, None)"
57,left-ring-second-joint,0e2a3c59-2703-40c6-b082-27f7dd2ab1f0,"(None, None, None)"
58,left-ring-third-joint,2ad156f8-9fdb-4f82-bd63-63215cdfd3f2,"(None, None, None)"
59,left-pinky-tip,e3320420-ea92-41df-aae5-f415c62d1004,"(None, None, None)"
60,left-pinky-first-joint,dc714809-0ea1-473d-9e73-e1367a48115f,"(None, None, None)"
61,left-pinky-second-joint,7d0297d1-aeba-40c5-b0da-51ca6c75efc1,"(None, None, None)"
62,left-pinky-third-joint,ed75b1f3-c3a8-4403-8cc2-1853ba0fffc0,"(None, None, None)"
63,left-wrist,95e22cb2-e183-48f1-bb6c-bacfb63392a7,"(None, None, None)"
64,left-olecranon,18fe68d2-5b1b-47bc-98b4-f5845b588e9d,"(255, 255, 0)"
65,right-olecranon,6a2d3e46-3c5b-47cc-914a-5b775ce0e9f8,"(0, 255, 255)"
66,left-cubital-fossa,1f9fc681-7399-4484-af1d-49d7bde8ee10,"(255, 255, 0)"
67,right-cubital-fossa,f4a7ad7a-0238-4f32-b3fa-8e505d886819,"(0, 255, 255)"
68,left-acromion,265319b8-c33e-4e34-b340-052bf71732b7,"(None, None, None)"
69,right-acromion,adaa35ba-8e10-4d8c-b76e-e8f4881e72d4,"(None, None, None)"
70,neck,508ef147-c1d2-4323-8332-0fe5f8fa214d,"(None, None, None)"
71,center-of-glabella,9426db04-df9b-4185-811c-a0ec1400a1cc,"(0, 0, 192)"
72,center-of-nose-root,d014439b-ecf1-436e-aedc-163406209501,"(0, 0, 192)"
73,tip-of-nose-bridge,ebd9ca8c-c579-4a99-9e09-6884f2293fd2,"(0, 0, 192)"
74,midpoint-1-of-nose-bridge,7a5fe799-5229-41cd-b9ad-684632f048cd,"(0, 0, 192)"
75,midpoint-2-of-nose-bridge,5f4332d4-743d-40e9-b4d8-dee6aba32806,"(0, 0, 192)"
76,midpoint-3-of-nose-bridge,59b4fda9-b02b-4ced-ab76-287ecab43b00,"(0, 0, 192)"
77,center-of-labiomental-groove,666ca5ac-81e3-4fcc-bb7f-e3333320d5ef,"(0, 0, 192)"
78,tip-of-chin,b983560f-9549-4665-b63f-c4db9f98fd38,"(0, 0, 192)"
79,upper-startpoint-of-r-eyebrow,a60ce9d4-a080-49bb-bcea-29d8f064f095,"(0, 0, 192)"
80,lower-startpoint-of-r-eyebrow,3464a43b-24df-43a1-a96f-0835e7efa8c5,"(0, 0, 192)"
81,end-of-r-eyebrow,251b496d-1b84-43eb-a34c-4a6a73153460,"(0, 0, 192)"
82,upper-midpoint-1-of-r-eyebrow,6d8f55d3-192d-4cff-b467-5c1dc130757e,"(0, 0, 192)"
83,lower-midpoint-1-of-r-eyebrow,34e72651-9dac-451a-80db-99f63c38770b,"(0, 0, 192)"
84,upper-midpoint-2-of-r-eyebrow,5c2ab8a2-0f1a-4d3e-bfa9-7166e65304ff,"(0, 0, 192)"
85,upper-midpoint-3-of-r-eyebrow,231a8a26-1dfd-4d28-b261-a0f8ccbedd89,"(0, 0, 192)"
86,lower-midpoint-2-of-r-eyebrow,02a14028-e7b7-4556-b2a2-b2412bb3eace,"(0, 0, 192)"
87,lower-midpoint-3-of-r-eyebrow,88fe15fd-7fbd-443d-9da9-7e75bb06fd1c,"(0, 0, 192)"
88,upper-startpoint-of-l-eyebrow,11c6ac7b-543b-46e8-b11b-62329cd882d9,"(0, 0, 192)"
89,lower-startpoint-of-l-eyebrow,b4869db6-088c-4f8f-83d6-30926b60a65c,"(0, 0, 192)"
90,end-of-l-eyebrow,9a6c0ef7-7a2d-48e1-a6f5-f26f5a836f0f,"(0, 0, 192)"
91,upper-midpoint-1-of-l-eyebrow,d3cc2522-575c-42ce-892f-f8e045ab0ca7,"(0, 0, 192)"
92,lower-midpoint-1-of-l-eyebrow,7062851a-6acd-4e57-9cbe-a8947e6aa498,"(0, 0, 192)"
93,upper-midpoint-2-of-l-eyebrow,f7463435-1354-48c2-8522-5f6ad6d218fb,"(0, 0, 192)"
94,upper-midpoint-3-of-l-eyebrow,4b20bbd5-814b-4286-a804-d03b1e571dac,"(0, 0, 192)"
95,lower-midpoint-2-of-l-eyebrow,6b0cc43d-b17e-4c9a-b879-d915c129aadd,"(0, 0, 192)"
96,lower-midpoint-3-of-l-eyebrow,3b82e52b-9ab2-474a-abd9-75e7c6518946,"(0, 0, 192)"
97,l-inner-end-of-upper-lash-line,e8071941-0ee0-4a4e-a0db-bbd5957ea5f0,"(192, 64, 128)"
98,l-outer-end-of-upper-lash-line,3f13a0c2-fd3f-40c7-ba51-228fa4a4b190,"(192, 64, 128)"
99,l-centerpoint-of-upper-lash-line,d49d3fed-c6c2-4ed8-ad58-10e6f23985d8,"(192, 64, 128)"
100,l-midpoint-2-of-upper-lash-line,74d56dcb-1a18-4ed2-aecc-72c1681b5863,"(192, 64, 128)"
101,l-midpoint-1-of-upper-lash-line,db438e18-331d-48c0-8532-c93b80bd51cf,"(192, 64, 128)"
102,l-midpoint-6-of-upper-lash-line,b7c4dd24-cfb6-4066-9453-9eccfbc34b85,"(192, 64, 128)"
103,l-midpoint-5-of-upper-lash-line,8d0e5085-43f5-4d1d-9143-7abc54b5a1e1,"(192, 64, 128)"
104,l-midpoint-4-of-upper-lash-line,6888557c-33ba-40c3-9326-ca1954665bc8,"(192, 64, 128)"
105,l-midpoint-3-of-upper-lash-line,ebe335f2-e0f6-4184-bd2e-a7d627bb1c48,"(192, 64, 128)"
106,l-outer-end-of-upper-eyelid-line,fd32834f-c96c-41d6-b3f8-47ebcdc0a3d2,"(192, 64, 128)"
107,l-midpoint-6-of-upper-eyelid-line,167f5263-a8c6-4c2b-956a-ce34b4cde353,"(192, 64, 128)"
108,l-midpoint-2-of-upper-eyelid-line,fa4df617-11f9-4f49-9a97-125e7dd23e6e,"(192, 64, 128)"
109,l-midpoint-5-of-upper-eyelid-line,2af2db77-5145-4a5b-9352-c2c55049a7a4,"(192, 64, 128)"
110,l-centerpoint-of-upper-eyelid-line,a3083478-4228-4aa2-8030-22094b07149e,"(192, 64, 128)"
111,l-midpoint-4-of-upper-eyelid-line,ff42724b-e950-4540-8ea6-66d5fcfbdc1e,"(192, 64, 128)"
112,l-midpoint-1-of-upper-eyelid-line,3d74469d-b6bf-4e13-b9f6-7e385ce33aab,"(192, 64, 128)"
113,l-midpoint-3-of-upper-eyelid-line,be95734c-ec8b-4a20-9e10-13928947db6f,"(192, 64, 128)"
114,l-midpoint-6-of-upper-crease-line,61fd1243-5a52-4fb7-81cf-e6919383524a,"(192, 64, 128)"
115,l-midpoint-2-of-upper-crease-line,5b514e35-90a5-49e8-80bb-3da8d6f2efb0,"(192, 64, 128)"
116,l-midpoint-5-of-upper-crease-line,742e49fe-dc70-46b5-aded-b53d957f63ff,"(192, 64, 128)"
117,l-centerpoint-of-upper-crease-line,66687685-f2d8-4839-bedb-57a3e80fdb1c,"(192, 64, 128)"
118,l-midpoint-4-of-upper-crease-line,90849545-2185-4569-9e27-52fd1b37aff6,"(192, 64, 128)"
119,l-midpoint-1-of-upper-crease-line,bea5975b-cee1-4685-bcea-8d6428e55193,"(192, 64, 128)"
120,l-midpoint-3-of-upper-crease-line,c3d937d5-3a9e-421c-98ce-7121a1577744,"(192, 64, 128)"
121,r-inner-end-of-upper-lash-line,d709c2ba-9e94-49c6-b516-a766e7c2e0ad,"(64, 32, 192)"
122,r-outer-end-of-upper-lash-line,98728cab-dcfe-4db4-a4fa-e9816a3099c8,"(64, 32, 192)"
123,r-centerpoint-of-upper-lash-line,8d9ab915-e0b1-409c-8045-5addc1222c4d,"(64, 32, 192)"
124,r-midpoint-1-of-upper-lash-line,9a50551f-740a-494e-8039-c9aa26f63e9c,"(64, 32, 192)"
125,r-midpoint-2-of-upper-lash-line,47c88702-f7c9-4bf8-95d3-92d389b737ba,"(64, 32, 192)"
126,r-midpoint-3-of-upper-lash-line,5b44514b-3858-4f5c-a61f-6c6f6531a498,"(64, 32, 192)"
127,r-midpoint-4-of-upper-lash-line,536f4fa9-3ab9-430d-9f29-ec6e001d0252,"(64, 32, 192)"
128,r-midpoint-5-of-upper-lash-line,8c905ef2-78ae-4099-8ff5-e79138c8c327,"(64, 32, 192)"
129,r-midpoint-6-of-upper-lash-line,ef0e8211-b64d-4c78-86fd-30e0144e6d1a,"(64, 32, 192)"
130,r-outer-end-of-upper-eyelid-line,4cba69b3-8f4b-4f8b-bcaa-a897d8b58946,"(64, 32, 192)"
131,r-midpoint-3-of-upper-eyelid-line,82fe2f2a-1022-4706-a108-930e377e0af5,"(64, 32, 192)"
132,r-midpoint-1-of-upper-eyelid-line,1e9c121d-244f-4e8f-b313-e5620f883466,"(64, 32, 192)"
133,r-midpoint-4-of-upper-eyelid-line,b807e502-ba7a-421b-9539-ea59bc2979c0,"(64, 32, 192)"
134,r-centerpoint-of-upper-eyelid-line,e38057d8-4dc7-4d3d-b367-082aa908edf5,"(64, 32, 192)"
135,r-midpoint-5-of-upper-eyelid-line,6774326d-8f9a-4c9d-b9f2-9465a000a5f4,"(64, 32, 192)"
136,r-midpoint-2-of-upper-eyelid-line,a6c621cf-c8d7-490e-ab24-7521f9aea3b4,"(64, 32, 192)"
137,r-midpoint-6-of-upper-eyelid-line,fb70694a-b304-4c88-9ea4-5fdd7886fe4a,"(64, 32, 192)"
138,r-midpoint-3-of-upper-crease-line,f95cf20f-a909-4d59-a403-e5e96a0dfc4d,"(64, 32, 192)"
139,r-midpoint-1-of-upper-crease-line,523f5e66-66f0-4aca-9146-df45fddf3243,"(64, 32, 192)"
140,r-midpoint-4-of-upper-crease-line,dd79bd84-b304-448e-990f-4254623cfac3,"(64, 32, 192)"
141,r-centerpoint-of-upper-crease-line,47053e7f-143a-4ce0-b151-5aa15a9c3554,"(64, 32, 192)"
142,r-midpoint-5-of-upper-crease-line,33af7843-4407-4ef6-bcd2-333cf43a23ea,"(64, 32, 192)"
143,r-midpoint-2-of-upper-crease-line,4294202a-4bc2-4b19-bf4c-ea89b904a419,"(64, 32, 192)"
144,r-midpoint-6-of-upper-crease-line,1cb1ee7a-7ca4-4287-97e5-57f7db8c5d9f,"(64, 32, 192)"
145,l-inner-end-of-lower-lash-line,7c5b0a4e-9bb2-419a-97a0-fac7e3ba667c,"(64, 192, 128)"
146,l-outer-end-of-lower-lash-line,1497009c-e105-4965-97c4-35b7b8bed856,"(64, 192, 128)"
147,l-centerpoint-of-lower-lash-line,fdfa54ad-26f1-4400-b08e-c54b58840c5f,"(64, 192, 128)"
148,l-midpoint-2-of-lower-lash-line,44575a96-7f0c-4b89-8697-95235c1059bf,"(64, 192, 128)"
149,l-midpoint-1-of-lower-lash-line,f2237227-061d-41fe-8c3c-60aace81e150,"(64, 192, 128)"
150,l-midpoint-6-of-lower-lash-line,c20e66ac-be17-46ed-b426-b476d60e1e6d,"(64, 192, 128)"
151,l-midpoint-5-of-lower-lash-line,db5876ce-344d-4b91-8ae7-9f057908bb03,"(64, 192, 128)"
152,l-midpoint-4-of-lower-lash-line,deec76f6-6a37-4e4e-9058-91b8185c18da,"(64, 192, 128)"
153,l-midpoint-3-of-lower-lash-line,50fd3804-8a34-4e0a-8f12-c5441eeb04b4,"(64, 192, 128)"
154,l-outer-end-of-lower-eyelid-line,46163701-c1ce-4f4e-bcc5-c5a70136a906,"(64, 192, 128)"
155,l-midpoint-6-of-lower-eyelid-line,88cbfe9c-002a-4986-9012-4834cfc9da92,"(64, 192, 128)"
156,l-midpoint-2-of-lower-eyelid-line,eb4ecc53-b5af-4b77-966a-6543dde869ac,"(64, 192, 128)"
157,l-midpoint-5-of-lower-eyelid-line,83d2086e-d023-4500-9441-fef6fd044bd0,"(64, 192, 128)"
158,l-centerpoint-of-lower-eyelid-line,7f11abee-2ba1-4821-8ef6-933c351351bf,"(64, 192, 128)"
159,l-midpoint-4-of-lower-eyelid-line,ba44bccc-7134-4252-a2a3-cb768b5db942,"(64, 192, 128)"
160,l-midpoint-1-of-lower-eyelid-line,79d6fd22-8295-4674-9c18-3c65de9e206a,"(64, 192, 128)"
161,l-midpoint-3-of-lower-eyelid-line,efe15237-8705-4234-9c01-c2f1189ebe40,"(64, 192, 128)"
162,r-inner-end-of-lower-lash-line,dc56d86c-11b0-4d1b-bb18-33e512453a73,"(64, 192, 32)"
163,r-outer-end-of-lower-lash-line,f3db88e9-18f4-481b-9328-2d1870194f30,"(64, 192, 32)"
164,r-centerpoint-of-lower-lash-line,9f227a61-0139-453b-b075-953213e4c1f1,"(64, 192, 32)"
165,r-midpoint-1-of-lower-lash-line,76f43f4c-e478-4dd7-a91d-1a87a91e8d5c,"(64, 192, 32)"
166,r-midpoint-2-of-lower-lash-line,70aba055-054f-4549-a9f6-624d0a0955f7,"(64, 192, 32)"
167,r-midpoint-3-of-lower-lash-line,b9210215-9f60-4ab4-aaeb-8356e7e5ea21,"(64, 192, 32)"
168,r-midpoint-4-of-lower-lash-line,e536b8f9-067a-4d44-81f5-cfc44ff43f7f,"(64, 192, 32)"
169,r-midpoint-5-of-lower-lash-line,56318676-c031-46ba-9c2f-28ecd6a0e594,"(64, 192, 32)"
170,r-midpoint-6-of-lower-lash-line,3e37e0de-4723-45a8-b165-f237b84a2d04,"(64, 192, 32)"
171,r-outer-end-of-lower-eyelid-line,199bd802-14f0-45ae-83e4-02d0ab432be9,"(64, 192, 32)"
172,r-midpoint-3-of-lower-eyelid-line,02981bee-dfa8-4aad-9584-7693f3c7662a,"(64, 192, 32)"
173,r-midpoint-1-of-lower-eyelid-line,2fd097c4-49d5-4bab-95f0-359413c6d0f9,"(64, 192, 32)"
174,r-midpoint-4-of-lower-eyelid-line,175de89d-baac-4665-8bf8-4196b3277b98,"(64, 192, 32)"
175,r-centerpoint-of-lower-eyelid-line,e52de770-7da4-4e99-b390-4676738fcce1,"(64, 192, 32)"
176,r-midpoint-5-of-lower-eyelid-line,add195b3-92d5-4294-9ba9-4ff4dd08fbcf,"(64, 192, 32)"
177,r-midpoint-2-of-lower-eyelid-line,c6ab85b6-5a14-4510-acf7-5a18ed600826,"(64, 192, 32)"
178,r-midpoint-6-of-lower-eyelid-line,3eb705ea-1084-47f6-8ff9-c515f454051b,"(64, 192, 32)"
179,tip-of-nose,0e452561-db44-4b86-a10c-cb5bed62621c,"(0, 192, 0)"
180,bottom-center-of-nose,d5d0bf76-3e51-4af2-9a29-9253db8a25c1,"(0, 192, 0)"
181,r-outer-corner-of-nose,9bc1af13-dbcb-466d-af4f-67d4f5a69f13,"(0, 192, 0)"
182,l-outer-corner-of-nose,cb907c22-9b01-4544-a03d-71a29fa93ac1,"(0, 192, 0)"
183,inner-corner-of-r-nostril,842fb4ad-bc4a-4ee8-b63a-1d5a51ec7f9d,"(0, 192, 0)"
184,outer-corner-of-r-nostril,d3badb70-3208-41f3-85b1-f7df70815efb,"(0, 192, 0)"
185,upper-corner-of-r-nostril,47067296-ea8f-4f4c-b906-facbeec2ccf4,"(0, 192, 0)"
186,inner-corner-of-l-nostril,80a33252-8a7b-4c53-91d7-e47ea326be5c,"(0, 192, 0)"
187,outer-corner-of-l-nostril,c13009d7-439d-4cf2-bb7b-276d3dac7ebd,"(0, 192, 0)"
188,upper-corner-of-l-nostril,5da4b127-7fd3-48a5-811a-a8697e91c953,"(0, 192, 0)"
189,r-outer-corner-of-mouth,ff4d4250-7f66-4df1-ae6b-79097bbc4e01,"(192, 0, 0)"
190,l-outer-corner-of-mouth,1dbb65df-ec9c-4ff9-9cb3-7e0b158abbec,"(192, 0, 0)"
191,center-of-cupid-bow,cbb1aec2-a9d7-4662-8829-c516ae78c096,"(192, 0, 0)"
192,center-of-lower-outer-lip,56d73401-a0b0-49ea-8d91-3f3dd274c85c,"(192, 0, 0)"
193,midpoint-1-of-upper-outer-lip,ab86899b-4429-4b6e-8959-6cb0427ad76b,"(192, 0, 0)"
194,midpoint-2-of-upper-outer-lip,50f92a09-1d43-4254-8df4-c6deda3668ac,"(192, 0, 0)"
195,midpoint-1-of-lower-outer-lip,4077c276-fee5-4244-bee9-ae7093793237,"(192, 0, 0)"
196,midpoint-2-of-lower-outer-lip,f7d83069-68d9-4c25-9989-d881946af4b0,"(192, 0, 0)"
197,midpoint-3-of-upper-outer-lip,15da5e3e-5dc2-4f8b-8a50-f15443e19208,"(192, 0, 0)"
198,midpoint-4-of-upper-outer-lip,1dacd376-d2bd-4d1f-94a2-ccce3a1bee84,"(192, 0, 0)"
199,midpoint-5-of-upper-outer-lip,7cd5bd6f-925a-4739-950b-19350c90d397,"(192, 0, 0)"
200,midpoint-6-of-upper-outer-lip,7d949365-2fb2-4849-b98e-2f5566be127a,"(192, 0, 0)"
201,midpoint-3-of-lower-outer-lip,c7f498d8-a3c6-40bd-a961-fd6f1072a727,"(192, 0, 0)"
202,midpoint-4-of-lower-outer-lip,ba64e6b1-d40e-4ac0-8cc8-f979ba1e1168,"(192, 0, 0)"
203,midpoint-5-of-lower-outer-lip,8b609547-9b67-4eeb-8931-c874d0d7dcb2,"(192, 0, 0)"
204,midpoint-6-of-lower-outer-lip,2e518038-d276-4874-b477-db56b49e3967,"(192, 0, 0)"
205,r-inner-corner-of-mouth,53e901e0-2761-436e-a145-8d10150e4e54,"(0, 192, 192)"
206,l-inner-corner-of-mouth,08f5444d-8ffb-4752-9adc-5f76e4ad8070,"(0, 192, 192)"
207,center-of-upper-inner-lip,cbe69415-c46f-49ef-8969-c844287a6b8b,"(0, 192, 192)"
208,center-of-lower-inner-lip,3910f177-10d2-4051-af2b-7d250dcc6d62,"(0, 192, 192)"
209,midpoint-1-of-upper-inner-lip,b9054ca7-9ace-4161-a850-1e92918c6139,"(0, 192, 192)"
210,midpoint-2-of-upper-inner-lip,45846196-9583-477f-a23b-c44b55a25ac0,"(0, 192, 192)"
211,midpoint-1-of-lower-inner-lip,454e1533-8698-45ba-bbfd-14302311c9c3,"(0, 192, 192)"
212,midpoint-2-of-lower-inner-lip,3c6a2a3d-543f-4731-87a8-ea9615f7d77e,"(0, 192, 192)"
213,midpoint-3-of-upper-inner-lip,7ee79814-b235-4a6c-bed1-9e4b0ac40a57,"(0, 192, 192)"
214,midpoint-4-of-upper-inner-lip,a92ffe87-7573-4e7d-b4e2-2d8887024661,"(0, 192, 192)"
215,midpoint-5-of-upper-inner-lip,1cd7fe90-e0d3-4d42-acf7-ca95634db846,"(0, 192, 192)"
216,midpoint-6-of-upper-inner-lip,f0b0d030-1f92-4ad8-95f1-d5b6ebcb2256,"(0, 192, 192)"
217,midpoint-3-of-lower-inner-lip,ae2127d7-5d67-457e-9b48-bf0b9bf82172,"(0, 192, 192)"
218,midpoint-4-of-lower-inner-lip,055587e2-e9eb-43e8-acdd-57abbc96fe6d,"(0, 192, 192)"
219,midpoint-5-of-lower-inner-lip,d662a31e-8e38-4e7d-b24d-2ff2bc4fd0ff,"(0, 192, 192)"
220,midpoint-6-of-lower-inner-lip,eb9ea7e7-cbcc-4bd6-b5a5-77a3c0911127,"(0, 192, 192)"
221,teeth,'null',"(None, None, None)"
222,teeth,'null',"(None, None, None)"
223,teeth,'null',"(None, None, None)"
224,teeth,'null',"(None, None, None)"
225,teeth,'null',"(None, None, None)"
226,teeth,'null',"(None, None, None)"
227,teeth,'null',"(None, None, None)"
228,teeth,'null',"(None, None, None)"
229,teeth,'null',"(None, None, None)"
230,teeth,'null',"(None, None, None)"
231,teeth,'null',"(None, None, None)"
232,teeth,'null',"(None, None, None)"
233,teeth,'null',"(None, None, None)"
234,teeth,'null',"(None, None, None)"
235,teeth,'null',"(None, None, None)"
236,teeth,'null',"(None, None, None)"
237,teeth,'null',"(None, None, None)"
238,teeth,'null',"(None, None, None)"
239,teeth,'null',"(None, None, None)"
240,teeth,'null',"(None, None, None)"
241,teeth,'null',"(None, None, None)"
242,teeth,'null',"(None, None, None)"
243,teeth,'null',"(None, None, None)"
244,teeth,'null',"(None, None, None)"
245,teeth,'null',"(None, None, None)"
246,teeth,'null',"(None, None, None)"
247,teeth,'null',"(None, None, None)"
248,teeth,'null',"(None, None, None)"
249,teeth,'null',"(None, None, None)"
250,teeth,'null',"(None, None, None)"
251,teeth,'null',"(None, None, None)"
252,teeth,'null',"(None, None, None)"
253,teeth,'null',"(None, None, None)"
254,teeth,'null',"(None, None, None)"
255,teeth,'null',"(None, None, None)"
256,teeth,'null',"(None, None, None)"
257,l-top-end-of-inferior-crus,d46e3a43-c337-4db8-b993-4b921302b211,"(200, 200, 0)"
258,l-top-end-of-superior-crus,16c784f8-b6bc-4892-8cc9-e9d3604a5300,"(200, 200, 0)"
259,l-start-of-antihelix,53c532e8-8155-4c4c-95d5-a802a53b21fa,"(200, 200, 0)"
260,l-end-of-antihelix,f4d508ed-b21d-423e-ade8-803f36c75d93,"(200, 200, 0)"
261,l-midpoint-1-of-antihelix,de98733b-3630-4585-9825-200dce4dab7c,"(200, 200, 0)"
262,l-midpoint-1-of-inferior-crus,7366f6b9-17f6-411f-a4cb-6096c28d9ea0,"(200, 200, 0)"
263,l-midpoint-2-of-antihelix,db717de7-098c-4ec8-9882-910de708eb17,"(200, 200, 0)"
264,l-midpoint-3-of-antihelix,447283af-dde0-4498-921b-19771ca88ef4,"(200, 200, 0)"
265,l-point-1-of-inner-helix,3cb3ce5a-c67e-43e6-bd59-f3090319e559,"(200, 200, 0)"
266,l-point-2-of-inner-helix,f4bd3a9f-b058-4a8f-b3a8-8569b1ccf026,"(200, 200, 0)"
267,l-point-3-of-inner-helix,baa0eb93-e784-4387-b27f-265913aca3c0,"(200, 200, 0)"
268,l-point-4-of-inner-helix,fcbb85ce-098b-4917-a496-75e91870d8f2,"(200, 200, 0)"
269,l-point-5-of-inner-helix,ef4df21f-f79c-4912-8b62-7fde4971543c,"(200, 200, 0)"
270,l-point-6-of-inner-helix,fe6933b6-317f-48e6-876f-fbba71a3e7e2,"(200, 200, 0)"
271,l-point-7-of-inner-helix,852be209-baa1-4e4e-93ef-d804579ebaf5,"(200, 200, 0)"
272,l-highest-point-of-antitragus,79c46f29-118d-400d-a647-437e40e2fac4,"(200, 200, 0)"
273,l-bottom-point-of-tragus,dba719f0-489d-4603-a3f9-ad8e2b125204,"(200, 200, 0)"
274,l-protruding-point-of-tragus,7cb01341-a1e5-4da0-9081-dfb06f9a3087,"(200, 200, 0)"
275,l-top-point-of-tragus,b7a9679f-931a-4376-8f9b-4c6b7d4e3db2,"(200, 200, 0)"
276,l-start-point-of-crus-of-helix,c8e1998d-e15c-4795-9f0c-d7c6b2517db2,"(200, 200, 0)"
277,l-deepest-point-of-concha,8694f79e-1ac1-4b29-9303-7d5ee3d576be,"(200, 200, 0)"
278,l-tip-of-ear-lobe,56bbdcc7-cb41-4efb-9de6-8991338e3d06,"(200, 200, 0)"
279,l-midpoint-between-22-15,447d1560-280e-4845-a51d-20c515d25dbc,"(200, 200, 0)"
280,l-bottom-connecting-point-of-ear-lobe,fd768ef9-9d8a-42df-87d2-3188a6969fb2,"(200, 200, 0)"
281,l-top-connecting-point-of-helix,42075c56-d83b-476b-962b-d3d252bc1b86,"(200, 200, 0)"
282,l-point-8-of-inner-helix,a874f763-1660-47ad-81ee-3c8e75dfd9a5,"(200, 200, 0)"
283,r-top-end-of-inferior-crus,6a927920-f9ef-47b2-bd64-b766c3a0a1f2,"(0, 200, 200)"
284,r-top-end-of-superior-crus,fafe7da9-183b-4ed9-b88e-2837cefd0f8e,"(0, 200, 200)"
285,r-start-of-antihelix,7c77290c-00f0-450c-9ec6-f8d5277961bd,"(0, 200, 200)"
286,r-end-of-antihelix,f1f1ae41-7fe5-4c5b-81a5-2af07acd855b,"(0, 200, 200)"
287,r-midpoint-1-of-antihelix,b8af2a17-9a06-4438-ac50-a00d0d6f440c,"(0, 200, 200)"
288,r-midpoint-1-of-inferior-crus,ba89dc4f-0c24-46dd-9480-57df79f69581,"(0, 200, 200)"
289,r-midpoint-2-of-antihelix,057abf2f-9c88-4905-b5f3-091d29f03ac2,"(0, 200, 200)"
290,r-midpoint-3-of-antihelix,4de23397-52e7-4175-95b0-1328eeeab1c4,"(0, 200, 200)"
291,r-point-1-of-inner-helix,eaf2023b-efcd-4e8b-9678-b1ddef135059,"(0, 200, 200)"
292,r-point-8-of-inner-helix,2d71e5b6-1fa3-4f8e-9d67-e766b8018b4b,"(0, 200, 200)"
293,r-point-3-of-inner-helix,8ae57952-7760-4e65-800f-c34ecd5b2b04,"(0, 200, 200)"
294,r-point-4-of-inner-helix,f74b018a-220a-43d1-bc53-769727f81746,"(0, 200, 200)"
295,r-point-5-of-inner-helix,3fa6270a-e1e1-4b30-a818-02ddabd85053,"(0, 200, 200)"
296,r-point-6-of-inner-helix,c457c9ae-60de-48df-81f1-be23d19a8220,"(0, 200, 200)"
297,r-point-7-of-inner-helix,04c59441-4cb4-4e91-be16-36c6f6a4266b,"(0, 200, 200)"
298,r-highest-point-of-antitragus,8c15cff6-d343-42a0-838a-c0cf59f0f33f,"(0, 200, 200)"
299,r-bottom-point-of-tragus,bf824017-cccb-418b-9b26-8149d1801166,"(0, 200, 200)"
300,r-protruding-point-of-tragus,a3c783d6-2b3e-47f7-8cf6-28da2d1b0d94,"(0, 200, 200)"
301,r-top-point-of-tragus,05564140-db5c-4ea8-b88f-a13f825fda35,"(0, 200, 200)"
302,r-start-point-of-crus-of-helix,12cf262e-5750-44e2-8560-43a5e2413dcf,"(0, 200, 200)"
303,r-deepest-point-of-concha,69fc144a-3431-479b-8e8d-9e347f26c83d,"(0, 200, 200)"
304,r-tip-of-ear-lobe,c69f3c80-5f55-4f86-8c8e-eb28293421d1,"(0, 200, 200)"
305,r-midpoint-between-22-15,f1b4dfd8-9cc6-40bf-8444-7d1db582f2a8,"(0, 200, 200)"
306,r-bottom-connecting-point-of-ear-lobe,a64af486-9bfa-4c4a-8038-9aa6fc5bad42,"(0, 200, 200)"
307,r-top-connecting-point-of-helix,5e4f360c-6996-41ce-ac49-792fb816a58a,"(0, 200, 200)"
308,r-point-2-of-inner-helix,39ad2214-d157-4510-b9f4-e6ca3fb1645c,"(0, 200, 200)"
309,l-center-of-iris,7343f7c2-f77a-49a4-895f-30e916fe5235,"(128, 192, 64)"
310,l-border-of-iris-3,c1afd5e9-d22c-4b99-855b-1129bf9f1fb1,"(128, 192, 64)"
311,l-border-of-iris-midpoint-1,6f504b93-550c-400a-83eb-35a7a45ed14f,"(128, 192, 64)"
312,l-border-of-iris-12,6b5321b5-1056-4add-99ec-7e99d00d27a8,"(128, 192, 64)"
313,l-border-of-iris-midpoint-4,583a72ef-6aac-4ba1-9c7d-c680146edc3c,"(128, 192, 64)"
314,l-border-of-iris-9,ba872125-f181-4031-b66a-eb344bd807e6,"(128, 192, 64)"
315,l-border-of-iris-midpoint-3,40924f15-5203-4cb5-93b5-69f38c266798,"(128, 192, 64)"
316,l-border-of-iris-6,85d83566-d0a6-4c5c-8e43-5ca2b874749f,"(128, 192, 64)"
317,l-border-of-iris-midpoint-2,2cd4d8bc-216f-4665-8004-843e570a8616,"(128, 192, 64)"
318,r-center-of-iris,1642c702-3347-4cfd-b009-6fc4305cd685,"(192, 32, 64)"
319,r-border-of-iris-3,a4d53aa1-1a46-4a8b-ba8e-1d530838a3c5,"(192, 32, 64)"
320,r-border-of-iris-midpoint-1,fee3cbd2-e559-4faf-b33a-89421a368aca,"(192, 32, 64)"
321,r-border-of-iris-12,63702de3-4dd5-4fac-8b1c-a3e80825fe91,"(192, 32, 64)"
322,r-border-of-iris-midpoint-4,547c2d5b-e985-4cdc-994e-02356a3a7f72,"(192, 32, 64)"
323,r-border-of-iris-9,e2c3a2d2-881f-4f8c-998c-d651140dbfe4,"(192, 32, 64)"
324,r-border-of-iris-midpoint-3,55a83fb4-3068-488c-b4c2-3de96a825252,"(192, 32, 64)"
325,r-border-of-iris-6,211bc145-5ebb-454e-a955-4003c04f21eb,"(192, 32, 64)"
326,r-border-of-iris-midpoint-2,ec3454cd-7649-4091-846f-b3610a38b4e3,"(192, 32, 64)"
327,l-center-of-pupil,80763fe3-95bd-45ff-896a-387cc98c677a,"(192, 128, 64)"
328,l-border-of-pupil-3,9c0f8457-d6bf-45cb-8438-ca783e8703a7,"(192, 128, 64)"
329,l-border-of-pupil-midpoint-1,8367ef6e-6070-4034-9b45-dfff85c57a28,"(192, 128, 64)"
330,l-border-of-pupil-12,50fa9ba3-dcf0-4cff-a98a-7677f61e52f3,"(192, 128, 64)"
331,l-border-of-pupil-midpoint-4,64d005b1-000c-4213-a222-860d0f96c378,"(192, 128, 64)"
332,l-border-of-pupil-9,bb199968-3072-4587-bbbc-15b1752b7a63,"(192, 128, 64)"
333,l-border-of-pupil-midpoint-3,6d4af92d-887e-4db7-97be-6dbb22012803,"(192, 128, 64)"
334,l-border-of-pupil-6,834836da-1702-4610-aaa5-ab50fdd691b3,"(192, 128, 64)"
335,l-border-of-pupil-midpoint-2,08f70e43-3271-49a3-a8f1-ece9a8ad2914,"(192, 128, 64)"
336,r-center-of-pupil,d758ab67-6472-4967-81f9-6329568b8760,"(32, 192, 192)"
337,r-border-of-pupil-3,6288c3f8-9be1-44a2-8a8a-b0e1365f9c87,"(32, 192, 192)"
338,r-border-of-pupil-midpoint-1,324b2272-4d6b-4349-a128-b235fe9ae3b2,"(32, 192, 192)"
339,r-border-of-pupil-12,dd7ae80f-326a-407f-aa86-6b6882f5e120,"(32, 192, 192)"
340,r-border-of-pupil-midpoint-4,1bd0f68f-e16d-4dd6-9fef-09540bbee8ee,"(32, 192, 192)"
341,r-border-of-pupil-9,80a03200-5535-40b2-b377-5c75bf70540c,"(32, 192, 192)"
342,r-border-of-pupil-midpoint-3,de94ef88-9178-4b05-96a6-7978026f4e53,"(32, 192, 192)"
343,r-border-of-pupil-6,cf83857e-04a5-4b5a-a3d2-e75f37bc0e14,"(32, 192, 192)"
344,r-border-of-pupil-midpoint-2,d072eb4f-9ead-41fd-b1a4-8319933f2730,"(32, 192, 192)"
